{
    "type": "silentgear:main",
    "stats": [
        {
            "name": "durability",
            "value": 1600
        },
        {
            "name": "armor_durability",
            "value": 30
        },
        {
            "name": "enchantability",
            "value": 14
        },
        {
            "name": "harvest_level",
            "value": 3
        },
        {
            "name": "harvest_speed",
            "value": 10
        },
        {
            "name": "melee_damage",
            "value": 6
        },
        {
            "name": "magic_damage",
            "value": 6
        },
        {
            "name": "attack_speed",
            "value": -0.2
        },
        {
            "name": "armor",
            "value": 20
        },
        {
            "name": "armor_toughness",
            "value": 3
        },
        {
            "name": "magic_armor",
            "value": 8
        },
        {
            "name": "ranged_damage",
            "value": 3
        },
        {
            "name": "ranged_speed",
            "value": 0.1
        },
        {
            "name": "rarity",
            "value": 40
        },
        {
            "name": "chargeability",
            "value": 0.9
        }
    ],
    "traits": [
        {
            "name": "silentgear:malleable",
            "level": 3
        },
        {
            "name": "silentgear:lustrous",
            "level": 2
        }
    ],
    "crafting_items": {
        "normal": {
            "tag": "forge:ingots/bismuth_steel"
        },
        "small": {
            "tag": "forge:nuggets/bismuth_steel",
            "size": 9
        }
    },
    "name": {
        "translate": false,
        "name": "Bismuth Steel"
    },
    "textures": {
        "all": {
            "lite_texture": "high_contrast_with_highlight",
            "highlight": true,
            "texture_domain": "silentgear",
            "texture_suffix": "generic_hc",
            "normal_color": "#DC9FE7"
        }
    },
    "availability": {
        "tier": 3,
        "gear_blacklist": []
    }
}