{
    "availability": {
        "tier": 1
    },
    "crafting_items": {
        "normal": {
            "tag": "forge:ingots/copper"
        },
        "small": {
            "size": 9,
            "tag": "forge:nuggets/copper"
        }
    },
    "name": {
        "text": "Copper"
    },
    "stats": [
        {
            "name": "durability",
            "value": 128
        },
        {
            "name": "armor_durability",
            "value": 8
        },
        {
            "name": "enchantability",
            "value": 15
        },
        {
            "name": "harvest_level",
            "value": 1
        },
        {
            "name": "harvest_speed",
            "value": 4
        },
        {
            "name": "melee_damage",
            "value": 1
        },
        {
            "name": "magic_damage",
            "value": 2
        },
        {
            "name": "attack_speed",
            "value": 0.3
        },
        {
            "name": "armor",
            "value": 10
        },
        {
            "name": "armor_toughness",
            "value": 0
        },
        {
            "name": "magic_armor",
            "value": 4
        },
        {
            "name": "ranged_damage",
            "value": 0
        },
        {
            "name": "ranged_speed",
            "value": 0.2
        },
        {
            "name": "rarity",
            "value": 15
        },
        {
            "name": "chargeability",
            "value": 1.2
        }
    ],
    "textures": {
        "all": {
            "lite_texture": "high_contrast_with_highlight",
            "highlight": true,
            "normal_color": "#FD804C",
            "texture_domain": "silentgear",
            "texture_suffix": "generic_hc"
        }
    },
    "traits": [
        {
            "level": 2,
            "name": "silentgear:malleable"
        },
        {
            "level": 1,
            "name": "silentgear:soft"
        }
    ],
    "type": "silentgear:main"
}