{
    "type": "silentgear:main",
    "stats": [
        {
            "name": "durability",
            "value": 256
        },
        {
            "name": "armor_durability",
            "value": 14
        },
        {
            "name": "enchantability",
            "value": 15
        },
        {
            "name": "harvest_level",
            "value": 2
        },
        {
            "name": "harvest_speed",
            "value": 4
        },
        {
            "name": "melee_damage",
            "value": 2
        },
        {
            "name": "magic_damage",
            "value": 2
        },
        {
            "name": "attack_speed",
            "value": -0.4
        },
        {
            "name": "armor",
            "value": 13
        },
        {
            "name": "armor_toughness",
            "value": 0
        },
        {
            "name": "magic_armor",
            "value": 3
        },
        {
            "name": "ranged_damage",
            "value": 1
        },
        {
            "name": "ranged_speed",
            "value": -0.3
        },
        {
            "name": "rarity",
            "value": 25
        },
        {
            "name": "chargeability",
            "value": 0.8
        }
    ],
    "traits": [
        {
            "name": "silentgear:malleable",
            "level": 2
        },
        {
            "name": "silentgear:aquatic",
            "level": 1
        }
    ],
    "crafting_items": {
        "normal": {
            "tag": "forge:ingots/lead"
        },
        "small": {
            "size": 9,
            "tag": "forge:nuggets/lead"
        }
    },
    "name": {
        "text": "Lead"
    },
    "textures": {
        "all": {
            "lite_texture": "high_contrast_with_highlight",
            "highlight": true,
            "texture_domain": "silentgear",
            "texture_suffix": "iron",
            "normal_color": "#A191BC"
        }
    },
    "availability": {
        "tier": 2,
        "gear_blacklist": []
    }
}