{
    "availability": {
        "tier": 3
    },
    "crafting_items": {
        "normal": {
            "tag": "forge:ingots/platinum"
        },
        "small": {
            "size": 9,
            "tag": "forge:nuggets/platinum"
        }
    },
    "name": {
        "text": "Platinum"
    },
    "stats": [
        {
            "name": "durability",
            "value": 900
        },
        {
            "name": "armor_durability",
            "value": 21
        },
        {
            "name": "enchantability",
            "value": 14
        },
        {
            "name": "harvest_level",
            "value": 3
        },
        {
            "name": "harvest_speed",
            "value": 12
        },
        {
            "name": "melee_damage",
            "value": 4
        },
        {
            "name": "magic_damage",
            "value": 4
        },
        {
            "name": "attack_speed",
            "value": 0
        },
        {
            "name": "armor",
            "value": 18
        },
        {
            "name": "armor_toughness",
            "value": 2
        },
        {
            "name": "magic_armor",
            "value": 12
        },
        {
            "name": "ranged_damage",
            "value": 1
        },
        {
            "name": "ranged_speed",
            "value": 0
        },
        {
            "name": "chargeability",
            "value": 1.2
        }
    ],
    "textures": {
        "all": {
            "lite_texture": "high_contrast",
            "highlight": true,
            "broken_color": "#B3B3FF",
            "normal_color": "#B3B3FF",
            "texture_domain": "silentgear",
            "texture_suffix": "generic_hc"
        }
    },
    "traits": [
        {
            "level": 2,
            "name": "silentgear:malleable"
        }
    ],
    "type": "silentgear:main"
}